信号,IC均值,IC_IR,t值,Q5-Q1利差(月),样本月数
换手率偏离度,-0.03409354838709678,-0.12862899612265646,-1.4381158960390839,-0.0034089203639309437,125
成交额集中度变化,-0.01778918850806452,-0.0686831972330958,-0.7770616722735225,-0.000847261138517014,128
波动率聚集度,0.009880595148787197,0.03963680574067373,0.4501875738431525,0.0028850194622524906,129
